;date;naval_size;naval_capacity
0;2200.01.05;0;24
1;2200.02.05;0;24
2;2200.03.05;0;24
3;2200.04.05;0;24
4;2200.05.05;0;24
5;2200.06.05;0;24
6;2200.07.05;0;24
7;2200.08.05;0;24
8;2200.09.05;0;24
9;2200.10.05;0;24
10;2200.11.05;0;24
11;2200.12.05;0;24
12;2201.01.05;0;24
13;2201.02.05;0;24
14;2201.03.05;0;24
15;2201.04.05;0;24
16;2201.05.05;0;24
17;2201.06.05;0;24
18;2201.07.05;0;24
19;2201.08.05;0;24
20;2201.09.05;0;24
21;2201.10.05;0;24
22;2201.11.05;0;24
23;2201.12.05;0;24
24;2202.01.05;0;24
25;2202.02.05;0;24
26;2202.03.05;0;24
27;2202.04.05;0;24
28;2202.05.05;0;24
29;2202.06.05;0;24
30;2202.07.05;0;24
31;2202.08.05;0;24
32;2202.09.05;0;24
33;2202.10.05;0;24
34;2202.11.05;0;24
35;2202.12.05;0;24
36;2203.01.05;0;24
37;2203.02.05;0;24
38;2203.03.05;0;24
39;2203.04.05;0;24
40;2203.05.05;0;24
41;2203.06.05;0;24
42;2203.07.05;0;24
43;2203.08.05;0;24
44;2203.09.05;0;24
45;2203.10.05;0;24
46;2203.11.05;0;24
47;2203.12.05;0;24
48;2204.01.05;0;24
49;2204.02.05;0;24
50;2204.03.05;0;24
51;2204.04.05;0;24
52;2204.05.05;0;24
53;2204.06.05;0;24
54;2204.07.05;0;24
55;2204.08.05;0;24
56;2204.09.05;0;24
57;2204.10.05;0;24
58;2204.11.05;0;24
59;2204.12.05;0;24
60;2205.01.05;0;24
61;2205.02.05;0;24
62;2205.03.05;0;24
63;2205.04.05;0;24
64;2205.05.05;0;24
65;2205.06.05;0;24
66;2205.07.05;0;24
67;2205.08.05;0;24
68;2205.09.05;0;24
69;2205.10.05;0;24
70;2205.11.05;0;24
71;2205.12.05;0;24
72;2206.01.05;0;24
73;2206.02.05;0;24
74;2206.03.05;0;24
75;2206.04.05;0;24
76;2206.05.05;0;24
77;2206.06.05;0;24
78;2206.07.05;0;24
79;2206.08.05;0;24
80;2206.09.05;0;24
81;2206.10.05;0;24
82;2206.11.05;0;24
83;2206.12.05;0;24
84;2207.01.05;0;24
85;2207.02.05;0;24
86;2207.03.05;0;24
87;2207.04.05;0;24
88;2207.05.05;0;24
89;2207.06.05;0;24
90;2207.07.05;0;24
91;2207.08.05;0;24
92;2207.09.05;0;24
93;2207.10.05;0;24
94;2207.11.05;0;24
95;2207.12.05;0;24
96;2208.01.05;0;24
97;2208.02.05;0;24
98;2208.03.05;0;24
99;2208.04.05;0;24
100;2208.05.05;0;24
101;2208.06.05;0;24
102;2208.07.05;0;24
103;2208.08.05;0;24
104;2208.09.05;0;24
105;2208.10.05;0;24
106;2208.11.05;0;24
107;2208.12.05;0;24
108;2209.01.05;0;24
109;2209.02.05;0;24
110;2209.03.05;0;24
111;2209.04.05;0;24
112;2209.05.05;0;24
113;2209.06.05;0;24
114;2209.07.05;0;24
115;2209.08.05;0;24
116;2209.09.05;0;24
117;2209.10.05;0;24
118;2209.11.05;0;24
119;2209.12.05;0;24
120;2210.01.05;0;24
121;2210.02.05;0;26
122;2210.03.05;0;26
123;2210.04.05;0;26
124;2210.05.05;0;26
125;2210.06.05;0;26
126;2210.07.05;0;26
127;2210.08.05;0;26
128;2210.09.05;0;26
129;2210.10.05;0;26
130;2210.11.05;0;26
131;2210.12.05;0;26
132;2211.01.05;0;26
133;2211.02.05;0;26
134;2211.03.05;0;26
135;2211.04.05;0;26
136;2211.05.05;0;26
137;2211.06.05;0;26
138;2211.07.05;0;26
139;2211.08.05;0;26
140;2211.09.05;0;26
141;2211.10.05;0;26
142;2211.11.05;0;26
143;2211.12.05;0;26
144;2212.01.05;0;26
145;2212.02.05;0;26
146;2212.03.05;0;26
147;2212.04.05;0;26
148;2212.05.05;0;26
149;2212.06.05;0;26
150;2212.07.05;0;26
151;2212.08.05;0;26
152;2212.09.05;1;26
153;2212.10.05;1;26
154;2212.11.05;2;26
155;2212.12.05;2;26
156;2213.01.05;3;26
157;2213.02.05;3;26
158;2213.03.05;4;26
159;2213.04.05;4;26
160;2213.05.05;5;26
161;2213.06.05;5;26
162;2213.07.05;6;26
163;2213.08.05;6;26
164;2213.09.05;7;26
165;2213.10.05;7;26
166;2213.11.05;8;26
167;2213.12.05;8;26
168;2214.01.05;9;26
169;2214.02.05;9;26
170;2214.03.05;9;26
171;2214.04.05;9;26
172;2214.05.05;9;26
173;2214.06.05;9;26
174;2214.07.05;9;26
175;2214.08.05;9;26
176;2214.09.05;9;26
177;2214.10.05;9;26
178;2214.11.05;9;26
179;2214.12.05;9;26
180;2215.01.05;9;26
181;2215.02.05;9;26
182;2215.03.05;9;26
183;2215.04.05;9;26
184;2215.05.05;9;26
185;2215.06.05;9;26
186;2215.07.05;9;26
187;2215.08.05;9;26
188;2215.09.05;9;26
189;2215.10.05;9;26
190;2215.11.05;10;26
191;2215.12.05;10;26
192;2216.01.05;11;26
193;2216.02.05;11;26
194;2216.03.05;12;26
195;2216.04.05;12;26
196;2216.05.05;13;26
197;2216.06.05;13;26
198;2216.07.05;13;26
199;2216.08.05;13;26
200;2216.09.05;13;26
201;2216.10.05;13;26
202;2216.11.05;13;26
203;2216.12.05;13;26
204;2217.01.05;13;26
205;2217.02.05;13;26
206;2217.03.05;13;26
207;2217.04.05;13;27
208;2217.05.05;13;27
209;2217.06.05;13;27
210;2217.07.05;13;27
211;2217.08.05;13;27
212;2217.09.05;13;27
213;2217.10.05;13;27
214;2217.11.05;13;27
215;2217.12.05;13;27
216;2218.01.05;13;27
217;2218.02.05;13;27
218;2218.03.05;13;27
219;2218.04.05;13;27
220;2218.05.05;13;27
221;2218.06.05;13;27
222;2218.07.05;13;27
223;2218.08.05;13;27
224;2218.09.05;13;27
225;2218.10.05;13;27
226;2218.11.05;13;27
227;2218.12.05;13;27
228;2219.01.05;13;27
229;2219.02.05;13;27
230;2219.03.05;13;27
231;2219.04.05;13;27
232;2219.05.05;13;27
233;2219.06.05;13;27
234;2219.07.05;13;27
235;2219.08.05;13;27
236;2219.09.05;13;28
237;2219.10.05;13;28
238;2219.11.05;13;28
239;2219.12.05;13;28
240;2220.01.05;13;28
241;2220.02.05;13;28
242;2220.03.05;14;28
243;2220.04.05;14;28
244;2220.05.05;15;28
245;2220.06.05;15;28
246;2220.07.05;16;28
247;2220.08.05;16;28
248;2220.09.05;17;28
249;2220.10.05;17;28
250;2220.11.05;18;28
251;2220.12.05;18;28
252;2221.01.05;19;28
253;2221.02.05;19;28
254;2221.03.05;19;28
255;2221.04.05;19;28
256;2221.05.05;19;28
257;2221.06.05;19;28
258;2221.07.05;19;28
259;2221.08.05;20;28
260;2221.09.05;20;28
261;2221.10.05;20;28
262;2221.11.05;20;28
263;2221.12.05;20;28
264;2222.01.05;20;28
265;2222.02.05;20;28
266;2222.03.05;20;28
267;2222.04.05;20;28
268;2222.05.05;20;28
269;2222.06.05;20;28
270;2222.07.05;20;28
271;2222.08.05;36;28
272;2222.09.05;36;28
273;2222.10.05;36;28
274;2222.11.05;36;28
275;2222.12.05;36;28
276;2223.01.05;36;31
277;2223.02.05;36;31
278;2223.03.05;36;31
279;2223.04.05;36;31
280;2223.05.05;36;31
281;2223.06.05;36;31
282;2223.07.05;36;31
283;2223.08.05;36;31
284;2223.09.05;36;31
285;2223.10.05;36;31
286;2223.11.05;36;31
287;2223.12.05;36;31
288;2224.01.05;36;31
289;2224.02.05;36;31
290;2224.03.05;36;31
291;2224.04.05;36;31
292;2224.05.05;36;31
293;2224.06.05;36;31
294;2224.07.05;36;31
295;2224.08.05;36;31
296;2224.09.05;36;31
297;2224.10.05;36;31
298;2224.11.05;36;31
299;2224.12.05;36;31
300;2225.01.05;36;31
301;2225.02.05;36;31
302;2225.03.05;36;31
303;2225.04.05;36;31
304;2225.05.05;36;31
305;2225.06.05;36;31
306;2225.07.05;36;31
307;2225.08.05;36;31
308;2225.09.05;36;31
309;2225.10.05;36;31
310;2225.11.05;36;31
311;2225.12.05;36;31
312;2226.01.05;36;31
313;2226.02.05;36;31
314;2226.03.05;36;31
315;2226.04.05;36;31
316;2226.05.05;36;31
317;2226.06.05;36;31
318;2226.07.05;36;31
319;2226.08.05;36;31
320;2226.09.05;36;31
321;2226.10.05;36;31
322;2226.11.05;36;31
323;2226.12.05;36;31
324;2227.01.05;36;31
325;2227.02.05;36;31
326;2227.03.05;36;31
327;2227.04.05;36;31
328;2227.05.05;36;31
329;2227.06.05;36;31
330;2227.07.05;36;31
331;2227.08.05;36;31
332;2227.09.05;36;31
333;2227.10.05;36;31
334;2227.11.05;36;31
335;2227.12.05;37;31
336;2228.01.05;37;31
337;2228.02.05;38;31
338;2228.03.05;38;31
339;2228.04.05;39;31
340;2228.05.05;39;31
341;2228.06.05;40;31
342;2228.07.05;40;31
343;2228.08.05;41;31
344;2228.09.05;41;31
345;2228.10.05;41;31
346;2228.11.05;41;31
347;2228.12.05;41;31
348;2229.01.05;41;31
349;2229.02.05;41;31
350;2229.03.05;41;31
351;2229.04.05;41;31
352;2229.05.05;41;31
353;2229.06.05;42;31
354;2229.07.05;42;31
355;2229.08.05;43;31
356;2229.09.05;43;31
357;2229.10.05;44;31
358;2229.11.05;44;31
359;2229.12.05;45;31
360;2230.01.05;45;31
361;2230.02.05;46;31
362;2230.03.05;46;31
363;2230.04.05;46;31
364;2230.05.05;46;31
365;2230.06.05;46;31
366;2230.07.05;46;31
367;2230.08.05;46;31
368;2230.09.05;46;31
369;2230.10.05;46;31
370;2230.11.05;46;31
371;2230.12.05;46;31
372;2231.01.05;46;31
373;2231.02.05;46;31
374;2231.03.05;46;31
375;2231.04.05;46;31
376;2231.05.05;46;31
377;2231.06.05;46;31
378;2231.07.05;46;31
379;2231.08.05;46;31
380;2231.09.05;46;31
381;2231.10.05;46;31
382;2231.11.05;46;31
383;2231.12.05;46;31
384;2232.01.05;46;31
385;2232.02.05;46;31
386;2232.03.05;46;31
387;2232.04.05;46;31
388;2232.05.05;46;31
389;2232.06.05;46;31
390;2232.07.05;46;31
391;2232.08.05;46;31
392;2232.09.05;46;31
393;2232.10.05;46;31
394;2232.11.05;46;31
395;2232.12.05;46;31
396;2233.01.05;46;31
397;2233.02.05;46;31
398;2233.03.05;46;31
399;2233.04.05;46;31
400;2233.05.05;46;31
401;2233.06.05;46;31
402;2233.07.05;46;31
403;2233.08.05;46;31
404;2233.09.05;46;31
405;2233.10.05;46;31
406;2233.11.05;46;31
407;2233.12.05;46;31
408;2234.01.05;46;31
409;2234.02.05;46;31
410;2234.03.05;46;31
411;2234.04.05;46;31
412;2234.05.05;46;57
413;2234.06.05;46;57
414;2234.07.05;46;57
415;2234.08.05;46;57
416;2234.09.05;46;57
417;2234.10.05;46;57
418;2234.11.05;46;57
419;2234.12.05;46;57
420;2235.01.05;46;57
421;2235.02.05;46;57
422;2235.03.05;46;57
423;2235.04.05;46;57
424;2235.05.05;46;57
425;2235.06.05;46;57
426;2235.07.05;46;57
427;2235.08.05;46;57
428;2235.09.05;46;57
429;2235.10.05;46;57
430;2235.11.05;46;57
431;2235.12.05;46;57
432;2236.01.05;46;57
433;2236.02.05;46;57
434;2236.03.05;46;57
435;2236.04.05;46;57
436;2236.05.05;46;57
437;2236.06.05;46;57
438;2236.07.05;46;57
439;2236.08.05;46;57
440;2236.09.05;47;57
441;2236.10.05;48;57
442;2236.11.05;48;57
443;2236.12.05;49;57
444;2237.01.05;49;57
445;2237.02.05;50;57
446;2237.03.05;50;57
447;2237.04.05;50;57
448;2237.05.05;50;57
449;2237.06.05;50;57
450;2237.07.05;50;57
451;2237.08.05;50;57
452;2237.09.05;49;57
453;2237.10.05;49;57
454;2237.11.05;49;57
455;2237.12.05;50;57
456;2238.01.05;51;57
457;2238.02.05;51;57
458;2238.03.05;51;57
459;2238.04.05;51;57
460;2238.05.05;51;57
461;2238.06.05;51;57
462;2238.07.05;51;57
463;2238.08.05;51;57
464;2238.09.05;51;57
465;2238.10.05;51;57
466;2238.11.05;51;57
467;2238.12.05;51;57
468;2239.01.05;51;57
469;2239.02.05;51;57
470;2239.03.05;51;57
471;2239.04.05;51;57
472;2239.05.05;51;57
473;2239.06.05;51;57
474;2239.07.05;51;57
475;2239.08.05;51;57
476;2239.09.05;51;57
477;2239.10.05;51;57
478;2239.11.05;51;57
479;2239.12.05;51;57
480;2240.01.05;51;57
481;2240.02.05;51;57
482;2240.03.05;51;57
483;2240.04.05;51;57
484;2240.05.05;51;57
485;2240.06.05;51;57
486;2240.07.05;51;57
487;2240.08.05;51;57
488;2240.09.05;51;57
489;2240.10.05;51;57
490;2240.11.05;51;57
491;2240.12.05;51;57
492;2241.01.05;51;57
493;2241.02.05;51;57
494;2241.03.05;51;57
495;2241.04.05;51;57
496;2241.05.05;51;57
497;2241.06.05;51;57
498;2241.07.05;51;57
499;2241.08.05;51;57
500;2241.09.05;51;57
501;2241.10.05;51;57
502;2241.11.05;51;57
503;2241.12.05;51;57
504;2242.01.05;51;61
505;2242.02.05;51;61
506;2242.03.05;51;61
507;2242.04.05;51;61
508;2242.05.05;51;61
509;2242.06.05;51;61
510;2242.07.05;51;61
511;2242.08.05;51;61
512;2242.09.05;51;61
513;2242.10.05;51;61
514;2242.11.05;51;61
515;2242.12.05;51;61
516;2243.01.05;51;61
517;2243.02.05;51;61
518;2243.03.05;51;61
519;2243.04.05;51;61
520;2243.05.05;51;61
521;2243.06.05;51;61
522;2243.07.05;51;61
523;2243.08.05;51;61
524;2243.09.05;51;61
525;2243.10.05;51;61
526;2243.11.05;51;61
527;2243.12.05;51;61
528;2244.01.05;51;61
529;2244.02.05;51;61
530;2244.03.05;51;61
531;2244.04.05;51;61
532;2244.05.05;51;61
533;2244.06.05;51;61
534;2244.07.05;51;103
535;2244.08.05;51;103
536;2244.09.05;51;103
537;2244.10.05;51;103
538;2244.11.05;51;103
539;2244.12.05;51;105
540;2245.01.05;51;105
541;2245.02.05;50;105
542;2245.03.05;48;105
543;2245.04.05;48;105
544;2245.05.05;43;105
545;2245.06.05;43;105
546;2245.07.05;43;110
547;2245.08.05;43;110
548;2245.09.05;43;110
549;2245.10.05;43;110
550;2245.11.05;43;110
551;2245.12.05;43;110
552;2246.01.05;43;116
553;2246.02.05;43;116
554;2246.03.05;43;116
555;2246.04.05;43;116
556;2246.05.05;43;116
557;2246.06.05;43;116
558;2246.07.05;43;116
559;2246.08.05;43;116
560;2246.09.05;43;116
561;2246.10.05;43;116
562;2246.11.05;43;116
563;2246.12.05;43;127
564;2247.01.05;43;116
565;2247.02.05;43;116
566;2247.03.05;43;116
567;2247.04.05;43;116
568;2247.05.05;43;116
569;2247.06.05;43;116
570;2247.07.05;43;116
571;2247.08.05;43;116
572;2247.09.05;43;116
573;2247.10.05;43;116
574;2247.11.05;46;116
575;2247.12.05;49;116
576;2248.01.05;49;116
577;2248.02.05;52;116
578;2248.03.05;52;116
579;2248.04.05;55;117
580;2248.05.05;58;117
581;2248.06.05;58;117
582;2248.07.05;60;117
583;2248.08.05;60;117
584;2248.09.05;60;117
585;2248.10.05;60;117
586;2248.11.05;60;117
587;2248.12.05;60;117
588;2249.01.05;60;117
589;2249.02.05;60;117
590;2249.03.05;60;117
591;2249.04.05;60;117
592;2249.05.05;60;117
593;2249.06.05;60;117
594;2249.07.05;60;117
595;2249.08.05;60;117
596;2249.09.05;60;117
597;2249.10.05;60;117
598;2249.11.05;60;117
599;2249.12.05;60;117
600;2250.01.05;60;117
601;2250.02.05;60;117
602;2250.03.05;60;117
603;2250.04.05;63;117
604;2250.05.05;66;117
605;2250.06.05;66;117
606;2250.07.05;66;117
607;2250.08.05;67;117
608;2250.09.05;66;117
609;2250.10.05;60;117
610;2250.11.05;53;117
611;2250.12.05;53;117
612;2251.01.05;53;117
613;2251.02.05;53;117
614;2251.03.05;53;117
615;2251.04.05;53;117
616;2251.05.05;53;117
617;2251.06.05;53;117
618;2251.07.05;53;117
619;2251.08.05;52;117
620;2251.09.05;52;117
621;2251.10.05;50;117
622;2251.11.05;48;117
623;2251.12.05;48;117
624;2252.01.05;48;117
625;2252.02.05;48;117
626;2252.03.05;48;117
627;2252.04.05;48;117
628;2252.05.05;48;117
629;2252.06.05;48;117
630;2252.07.05;48;109
631;2252.08.05;47;109
632;2252.09.05;46;109
633;2252.10.05;46;109
634;2252.11.05;46;126
635;2252.12.05;46;126
636;2253.01.05;46;126
637;2253.02.05;46;126
638;2253.03.05;46;126
639;2253.04.05;46;126
640;2253.05.05;46;126
641;2253.06.05;46;126
642;2253.07.05;46;126
643;2253.08.05;46;126
644;2253.09.05;46;126
645;2253.10.05;46;126
646;2253.11.05;46;126
647;2253.12.05;46;126
648;2254.01.05;46;117
649;2254.02.05;43;117
650;2254.03.05;37;117
651;2254.04.05;36;117
652;2254.05.05;36;117
653;2254.06.05;39;117
654;2254.07.05;39;117
655;2254.08.05;42;117
656;2254.09.05;42;117
657;2254.10.05;42;117
658;2254.11.05;48;117
659;2254.12.05;48;117
660;2255.01.05;52;117
661;2255.02.05;54;117
662;2255.03.05;54;117
663;2255.04.05;54;117
664;2255.05.05;54;117
665;2255.06.05;54;117
666;2255.07.05;54;117
667;2255.08.05;54;117
668;2255.09.05;54;117
669;2255.10.05;54;116
670;2255.11.05;54;116
671;2255.12.05;54;116
672;2256.01.05;50;116
673;2256.02.05;45;116
674;2256.03.05;45;116
675;2256.04.05;45;116
676;2256.05.05;45;116
677;2256.06.05;45;116
678;2256.07.05;45;116
679;2256.08.05;45;117
680;2256.09.05;45;117
681;2256.10.05;45;117
682;2256.11.05;51;117
683;2256.12.05;51;117
684;2257.01.05;51;117
685;2257.02.05;57;117
686;2257.03.05;57;117
687;2257.04.05;57;117
688;2257.05.05;59;117
689;2257.06.05;59;117
690;2257.07.05;59;117
691;2257.08.05;59;117
692;2257.09.05;59;117
693;2257.10.05;59;117
694;2257.11.05;59;119
695;2257.12.05;59;117
696;2258.01.05;59;117
697;2258.02.05;59;117
698;2258.03.05;59;117
699;2258.04.05;59;117
700;2258.05.05;59;117
701;2258.06.05;59;123
702;2258.07.05;59;123
703;2258.08.05;59;123
704;2258.09.05;65;123
705;2258.10.05;65;123
706;2258.11.05;65;123
707;2258.12.05;65;128
708;2259.01.05;65;128
709;2259.02.05;66;128
710;2259.03.05;66;128
711;2259.04.05;66;128
712;2259.05.05;66;128
713;2259.06.05;66;128
714;2259.07.05;66;128
715;2259.08.05;66;128
716;2259.09.05;62;128
717;2259.10.05;58;128
718;2259.09.05;64;128
719;2259.10.05;62;128
720;2259.11.05;62;128
721;2259.12.05;62;128
722;2260.01.05;62;128
723;2260.02.05;62;162
724;2260.03.05;62;162
725;2260.04.05;62;162
726;2260.05.05;62;162
727;2260.06.05;62;162
728;2260.07.05;62;162
729;2260.08.05;62;162
730;2260.09.05;62;162
731;2260.10.05;62;162
732;2260.11.05;62;162
733;2260.12.05;62;162
734;2261.01.05;62;162
735;2261.02.05;62;162
736;2261.03.05;62;162
737;2261.04.05;62;162
738;2261.05.05;62;162
739;2261.06.05;62;162
740;2261.07.05;62;162
741;2261.08.05;62;162
742;2261.09.05;62;162
743;2261.10.05;62;162
744;2261.11.05;62;162
745;2261.12.05;62;168
746;2262.01.05;62;168
747;2262.02.05;62;168
748;2262.03.05;62;168
749;2262.04.05;61;168
750;2262.05.05;61;168
751;2262.06.05;61;168
752;2262.07.05;73;168
753;2262.08.05;73;168
754;2262.09.05;73;168
755;2262.10.05;73;168
756;2262.11.05;73;168
757;2262.12.05;73;168
758;2263.01.05;73;168
759;2263.02.05;73;168
760;2263.03.05;73;168
761;2263.04.05;73;210
762;2263.05.05;73;210
763;2263.06.05;73;218
764;2263.07.05;73;218
765;2263.08.05;73;218
766;2263.09.05;73;218
767;2263.10.05;73;218
768;2263.11.05;73;218
769;2263.12.05;73;218
770;2264.01.05;73;218
771;2264.02.05;74;218
772;2264.03.05;76;218
773;2264.04.05;76;219
774;2264.05.05;76;219
775;2264.06.05;80;203
776;2264.07.05;84;203
777;2264.08.05;84;203
778;2264.09.05;84;203
779;2264.10.05;84;203
780;2264.11.05;84;203
781;2264.12.05;84;203
782;2265.01.05;84;203
783;2265.02.05;84;203
784;2265.03.05;84;211
785;2265.04.05;84;211
786;2265.05.05;88;211
787;2265.06.05;88;211
788;2265.07.05;88;211
789;2265.08.05;88;211
790;2265.09.05;88;211
791;2265.10.05;88;211
792;2265.11.05;88;211
793;2265.12.05;88;211
794;2266.01.05;88;211
795;2266.02.05;88;212
796;2266.03.05;88;212
797;2266.04.05;88;212
798;2266.05.05;88;212
799;2266.06.05;88;212
800;2266.07.05;88;212
801;2266.08.05;88;212
802;2266.09.05;88;212
803;2266.10.05;92;212
804;2266.11.05;92;212
805;2266.12.05;92;212
806;2267.01.05;92;212
807;2267.02.05;96;212
808;2267.03.05;96;212
809;2267.04.05;96;212
810;2267.05.05;96;212
811;2267.06.05;96;212
812;2267.07.05;96;212
813;2267.08.05;96;212
814;2267.09.05;96;212
815;2267.10.05;96;212
816;2267.11.05;96;221
817;2267.12.05;108;221
818;2268.01.05;108;221
819;2268.02.05;108;221
820;2268.03.05;108;221
821;2268.04.05;108;212
822;2268.05.05;108;221
823;2268.06.05;108;221
824;2268.07.05;108;221
825;2268.08.05;116;221
826;2268.09.05;116;204
827;2268.10.05;116;204
828;2268.11.05;116;204
829;2268.12.05;116;204
830;2269.01.05;116;204
831;2269.02.05;116;204
832;2269.03.05;120;204
833;2269.04.05;120;204
834;2269.05.05;120;204
835;2269.06.05;120;204
836;2269.07.05;120;204
837;2269.08.05;120;210
838;2269.09.05;120;210
839;2269.10.05;120;210
840;2269.11.05;120;210
841;2269.12.05;120;210
842;2270.01.05;120;210
843;2270.02.05;120;215
844;2270.03.05;120;215
845;2270.04.05;120;215
846;2270.05.05;120;207
847;2270.06.05;120;216
848;2270.07.05;120;216
849;2270.08.05;120;216
850;2270.09.05;120;216
851;2270.10.05;120;216
852;2270.11.05;120;216
853;2270.12.05;120;216
854;2271.01.05;120;216
855;2271.02.05;120;226
856;2271.03.05;120;226
857;2271.04.05;120;226
858;2271.05.05;120;226
859;2271.06.05;132;226
860;2271.07.05;132;226
861;2271.08.05;132;226
862;2271.09.05;132;226
863;2271.10.05;144;226
864;2271.11.05;144;226
865;2271.12.05;144;226
866;2272.01.05;144;226
867;2272.02.05;144;226
868;2272.03.05;148;226
869;2272.04.05;148;226
870;2272.05.05;148;226
871;2272.06.05;148;226
872;2272.07.05;148;234
873;2272.08.05;148;234
874;2272.09.05;148;234
875;2272.10.05;148;234
876;2272.11.05;148;237
877;2272.12.05;148;237
878;2273.01.05;148;237
879;2273.02.05;148;237
880;2273.03.05;148;237
881;2273.04.05;148;237
882;2273.05.05;148;237
883;2273.06.05;148;237
884;2273.07.05;148;237
885;2273.08.05;148;237
886;2273.09.05;148;237
887;2273.10.05;148;237
888;2273.11.05;148;237
889;2273.12.05;148;237
890;2274.01.05;148;237
891;2274.02.05;148;237
892;2274.03.05;148;237
893;2274.04.05;148;237
894;2274.05.05;148;237
895;2274.06.05;148;237
896;2274.07.05;148;237
897;2274.08.05;148;237
898;2274.09.05;148;237
899;2274.10.05;148;237
900;2274.11.05;148;240
901;2274.12.05;148;240
902;2275.01.05;148;240
903;2275.02.05;148;240
904;2275.03.05;148;240
905;2275.04.05;148;240
906;2275.05.05;148;240
907;2275.06.05;148;238
908;2275.07.05;148;238
909;2275.08.05;148;238
910;2275.09.05;148;238
911;2275.10.05;148;238
912;2275.11.05;148;238
913;2275.12.05;148;238
914;2276.01.05;148;240
915;2276.02.05;148;241
916;2276.03.05;148;241
917;2276.04.05;148;241
918;2276.05.05;148;241
919;2276.06.05;148;241
920;2276.07.05;148;241
921;2276.08.05;148;241
922;2276.09.05;148;241
923;2276.10.05;148;241
924;2276.11.05;148;241
925;2276.12.05;148;241
926;2277.01.05;148;241
927;2277.02.05;148;241
928;2277.03.05;148;241
929;2277.04.05;148;244
930;2277.05.05;146;247
931;2277.06.05;146;247
932;2277.07.05;146;247
933;2277.08.05;146;247
934;2277.09.05;146;247
935;2277.10.05;158;247
936;2277.11.05;158;248
937;2277.12.05;158;247
938;2278.01.05;158;245
939;2278.02.05;158;245
940;2278.03.05;170;245
941;2278.04.05;170;247
942;2278.05.05;170;247
943;2278.06.05;158;247
944;2278.07.05;156;247
945;2278.08.05;151;247
946;2278.09.05;155;247
947;2278.10.05;155;247
948;2278.11.05;155;247
949;2278.12.05;155;247
950;2279.01.05;155;249
951;2279.02.05;155;249
952;2279.03.05;155;249
953;2279.04.05;155;249
954;2279.05.05;155;249
955;2279.06.05;155;249
956;2279.07.05;155;248
957;2279.08.05;155;249
958;2279.09.05;155;249
959;2279.10.05;155;249
960;2279.11.05;155;249
961;2279.12.05;155;249
962;2280.01.05;155;249
963;2280.02.05;155;249
964;2280.03.05;155;251
965;2280.04.05;155;251
966;2280.05.05;155;251
967;2280.06.05;155;251
968;2280.07.05;179;251
969;2280.08.05;179;251
970;2280.09.05;179;251
971;2280.10.05;179;253
972;2280.11.05;179;256
973;2280.12.05;179;256
974;2281.01.05;179;256
975;2281.02.05;179;256
976;2281.03.05;179;256
977;2281.04.05;179;256
978;2281.05.05;179;256
979;2281.06.05;179;256
980;2281.07.05;179;256
981;2281.08.05;195;256
982;2281.09.05;195;256
983;2281.10.05;195;255
984;2281.11.05;195;255
985;2281.12.05;195;256
986;2282.01.05;195;257
987;2282.02.05;195;259
988;2282.03.05;195;259
989;2282.04.05;195;259
990;2282.05.05;195;259
991;2282.06.05;195;259
992;2282.07.05;195;259
993;2282.08.05;195;259
994;2282.09.05;195;259
995;2282.10.05;195;259
996;2282.11.05;195;259
997;2282.12.05;195;259
998;2283.01.05;195;259
999;2283.02.05;195;259
1000;2283.03.05;195;259
1001;2283.04.05;195;259
1002;2283.05.05;195;259
1003;2283.06.05;195;259
1004;2283.07.05;195;260
1005;2283.08.05;195;260
1006;2283.09.05;195;261
1007;2283.10.05;195;261
1008;2283.11.05;195;261
1009;2283.12.05;195;261
1010;2284.01.05;195;261
1011;2284.02.05;211;302
1012;2284.03.05;211;302
1013;2284.04.05;211;302
1014;2284.05.05;211;302
1015;2284.06.05;211;302
1016;2284.07.05;219;305
1017;2284.08.05;219;303
1018;2284.09.05;219;302
1019;2284.10.05;219;302
1020;2284.11.05;219;302
1021;2284.12.05;219;318
1022;2285.01.05;219;321
1023;2285.02.05;219;337
1024;2285.03.05;235;337
1025;2285.04.05;235;337
1026;2285.05.05;235;337
1027;2285.06.05;235;337
1028;2285.07.05;235;337
1029;2285.08.05;235;337
1030;2285.09.05;235;337
1031;2285.10.05;235;337
1032;2285.11.05;235;337
1033;2285.12.05;235;337
1034;2286.01.05;235;338
1035;2286.02.05;235;338
1036;2286.03.05;235;338
1037;2286.04.05;235;338
1038;2286.05.05;235;338
1039;2286.06.05;251;338
1040;2286.07.05;259;340
1041;2286.08.05;259;340
1042;2286.09.05;259;340
1043;2286.10.05;259;341
1044;2286.11.05;259;341
1045;2286.12.05;259;341
1046;2287.01.05;259;341
1047;2287.02.05;259;341
1048;2287.03.05;259;341
1049;2287.04.05;259;341
1050;2287.05.05;259;341
1051;2287.06.05;259;344
1052;2287.07.05;275;344
1053;2287.08.05;275;344
1054;2287.09.05;275;344
1055;2287.10.05;275;344
1056;2287.11.05;275;344
1057;2287.12.05;275;344
1058;2288.01.05;275;344
1059;2288.02.05;275;344
1060;2288.03.05;275;345
1061;2288.04.05;275;345
1062;2288.05.05;275;345
1063;2288.06.05;279;345
1064;2288.07.05;279;345
1065;2288.08.05;279;345
1066;2288.09.05;279;346
1067;2288.10.05;279;346
1068;2288.11.05;279;346
1069;2288.12.05;279;346
1070;2289.01.05;279;346
1071;2289.02.05;279;346
1072;2289.03.05;279;346
1073;2289.04.05;279;346
1074;2289.05.05;279;346
1075;2289.06.05;279;346
1076;2289.07.05;279;346
1077;2289.08.05;279;348
1078;2289.09.05;279;348
1079;2289.10.05;279;348
1080;2289.11.05;279;346
1081;2289.12.05;279;346
1082;2290.01.05;279;387
1083;2290.02.05;279;387
1084;2290.03.05;279;387
1085;2290.04.05;279;387
1086;2290.05.05;279;387
1087;2290.06.05;279;387
1088;2290.07.05;279;387
1089;2290.08.05;279;387
1090;2290.09.05;303;387
1091;2290.10.05;303;387
1092;2290.11.05;303;387
1093;2290.12.05;303;387
1094;2291.01.05;303;387
1095;2291.02.05;303;387
1096;2291.03.05;303;387
1097;2291.04.05;303;387
1098;2291.05.05;303;390
1099;2291.06.05;303;390
1100;2291.07.05;303;391
1101;2291.08.05;303;392
1102;2291.09.05;303;392
1103;2291.10.05;303;392
1104;2291.11.05;303;392
1105;2291.12.05;303;395
1106;2292.01.05;303;395
1107;2292.02.05;303;395
1108;2292.03.05;303;395
1109;2292.04.05;303;395
1110;2292.05.05;302;395
1111;2292.06.05;318;395
1112;2292.07.05;326;395
1113;2292.08.05;326;395
1114;2292.09.05;326;395
1115;2292.10.05;326;395
1116;2292.11.05;326;396
1117;2292.12.05;326;396
1118;2293.01.05;326;395
1119;2293.02.05;326;411
1120;2293.03.05;326;411
1121;2293.04.05;326;411
1122;2293.05.05;326;411
1123;2293.06.05;326;427
1124;2293.07.05;326;427
1125;2293.08.05;326;430
1126;2293.09.05;326;436
1127;2293.10.05;326;436
1128;2293.11.05;326;436
1129;2293.12.05;326;436
1130;2294.01.05;326;436
1131;2294.02.05;334;436
1132;2294.03.05;334;441
1133;2294.04.05;334;441
1134;2294.05.05;334;441
1135;2294.06.05;334;442
1136;2294.07.05;334;442
1137;2294.08.05;334;442
1138;2294.09.05;334;444
1139;2294.10.05;334;444
1140;2294.11.05;334;444
1141;2294.12.05;334;444
1142;2295.01.05;342;444
1143;2295.02.05;342;444
1144;2295.03.05;342;444
1145;2295.04.05;342;445
1146;2295.05.05;342;445
1147;2295.06.05;342;445
1148;2295.07.05;342;445
1149;2295.08.05;342;445
1150;2295.09.05;342;445
1151;2295.10.05;342;445
1152;2295.11.05;342;445
1153;2295.12.05;342;445
1154;2296.01.05;342;445
1155;2296.02.05;342;444
1156;2296.03.05;342;444
1157;2296.04.05;350;444
1158;2296.05.05;366;444
1159;2296.06.05;366;444
1160;2296.07.05;366;444
1161;2296.08.05;366;444
1162;2296.09.05;366;444
1163;2296.10.05;366;449
1164;2296.11.05;366;449
1165;2296.12.05;366;449
1166;2297.01.05;366;449
1167;2297.02.05;366;449
1168;2297.03.05;366;454
1169;2297.04.05;366;460
1170;2297.05.05;366;461
1171;2297.06.05;366;461
1172;2297.07.05;366;463
1173;2297.08.05;366;464
1174;2297.09.05;366;471
1175;2297.10.05;366;471
1176;2297.11.05;366;471
1177;2297.12.05;366;471
1178;2298.01.05;366;471
1179;2298.02.05;366;471
1180;2298.03.05;366;469
1181;2298.04.05;366;469
1182;2298.05.05;366;468
1183;2298.06.05;366;468
1184;2298.07.05;366;465
1185;2298.08.05;366;467
1186;2298.09.05;366;467
1187;2298.10.05;390;467
1188;2298.11.05;390;483
1189;2298.12.05;390;483
1190;2299.01.05;390;483
1191;2299.02.05;390;486
1192;2299.03.05;390;502
1193;2299.04.05;398;502
1194;2299.05.05;398;502
1195;2299.06.05;398;502
1196;2299.07.05;398;502
1197;2299.08.05;414;502
1198;2299.09.05;414;503
1199;2299.10.05;414;502
1200;2299.11.05;414;515
1201;2299.12.05;414;515
1202;2300.01.05;414;518
1203;2300.02.05;414;526
1204;2300.03.05;414;526
1205;2300.04.05;414;527
1206;2300.05.05;414;530
1207;2300.06.05;454;530
1208;2300.07.05;454;531
1209;2300.08.05;454;531
1210;2300.09.05;493;531
1211;2300.10.05;484;531
1212;2300.11.05;460;531
1213;2300.12.05;460;531
1214;2301.01.05;460;572
1215;2301.02.05;460;580
1216;2301.03.05;460;580
1217;2301.04.05;460;581
1218;2301.05.05;459;581
1219;2301.06.05;459;581
1220;2301.07.05;459;581
1221;2301.08.05;459;581
1222;2301.09.05;459;581
1223;2301.10.05;459;581
1224;2301.11.05;459;581
1225;2301.12.05;459;583
1226;2302.01.05;457;583
1227;2302.02.05;414;583
1228;2302.03.05;414;581
1229;2302.04.05;414;585
1230;2302.05.05;414;585
1231;2302.06.05;414;585
1232;2302.07.05;414;585
1233;2302.08.05;454;585
1234;2302.09.05;454;585
1235;2302.10.05;454;583
1236;2302.11.05;454;583
1237;2302.12.05;454;583
1238;2303.01.05;454;583
1239;2303.02.05;454;584
1240;2303.03.05;451;633
1241;2303.04.05;451;633
1242;2303.05.05;451;633
1243;2303.06.05;438;634
1244;2303.07.05;438;642
1245;2303.08.05;438;642
1246;2303.09.05;438;642
1247;2303.10.05;438;642
1248;2303.11.05;438;642
1249;2303.12.05;438;642
1250;2304.01.05;438;642
1251;2304.02.05;438;642
1252;2304.03.05;438;652
1253;2304.04.05;438;652
1254;2304.05.05;446;652
1255;2304.06.05;446;687
1256;2304.07.05;454;687
1257;2304.08.05;454;687
1258;2304.09.05;454;687
1259;2304.10.05;454;687
1260;2304.11.05;454;687
1261;2304.12.05;454;687
1262;2305.01.05;454;684
1263;2305.02.05;446;693
1264;2305.03.05;454;695
1265;2305.04.05;454;696
1266;2305.05.05;454;696
1267;2305.06.05;454;696
1268;2305.07.05;451;699
1269;2305.08.05;451;699
1270;2305.09.05;441;699
1271;2305.10.05;441;699
1272;2305.11.05;441;707
1273;2305.12.05;441;707
1274;2306.01.05;449;685
1275;2306.02.05;449;685
1276;2306.03.05;449;685
1277;2306.04.05;449;687
1278;2306.05.05;449;687
1279;2306.06.05;449;688
1280;2306.07.05;473;689
1281;2306.08.05;473;689
1282;2306.09.05;473;697
1283;2306.10.05;473;699
1284;2306.11.05;461;707
1285;2306.12.05;461;707
1286;2307.01.05;461;707
1287;2307.02.05;461;708
1288;2307.03.05;461;715
1289;2307.04.05;461;715
1290;2307.05.05;461;715
1291;2307.06.05;461;715
1292;2307.07.05;461;715
1293;2307.08.05;460;715
1294;2307.09.05;460;716
1295;2307.10.05;460;719
1296;2307.11.05;460;719
1297;2307.12.05;460;776
1298;2308.01.05;460;777
1299;2308.02.05;460;777
1300;2308.03.05;500;777
1301;2308.04.05;488;777
1302;2308.05.05;480;777
1303;2308.06.05;488;778
1304;2308.07.05;488;778
1305;2308.08.05;488;778
1306;2308.09.05;488;788
1307;2308.10.05;484;788
1308;2308.11.05;484;822
1309;2308.12.05;484;812
1310;2309.01.05;472;815
1311;2309.02.05;472;815
1312;2309.03.05;472;815
1313;2309.04.05;480;815
1314;2309.05.05;480;815
1315;2309.06.05;480;832
1316;2309.07.05;480;832
1317;2309.08.05;480;832
1318;2309.09.05;480;816
1319;2309.10.05;480;819
1320;2309.11.05;480;819
1321;2309.12.05;480;827
1322;2310.01.05;480;827
1323;2310.02.05;488;843
1324;2310.03.05;488;843
1325;2310.04.05;488;843
1326;2310.05.05;488;859
1327;2310.06.05;488;859
1328;2310.07.05;488;859
1329;2310.08.05;488;876
1330;2310.09.05;488;876
1331;2310.10.05;488;876
1332;2310.11.05;488;876
1333;2310.12.05;493;876
1334;2311.01.05;493;876
1335;2311.02.05;492;876
1336;2311.03.05;492;876
1337;2311.04.05;492;876
1338;2311.05.05;492;876
1339;2311.06.05;492;876
1340;2311.07.05;492;892
1341;2311.08.05;492;892
1342;2311.09.05;492;892
1343;2311.10.05;500;892
1344;2311.11.05;500;892
1345;2311.12.05;500;893
1346;2312.01.05;500;899
1347;2312.02.05;500;899
1348;2312.03.05;500;899
1349;2312.04.05;500;899
1350;2312.05.05;500;899
1351;2312.06.05;500;899
1352;2312.07.05;500;955
1353;2312.08.05;508;955
1354;2312.09.05;508;955
1355;2312.10.05;508;955
1356;2312.11.05;508;955
1357;2312.12.05;508;1012
1358;2313.01.05;508;1012
1359;2313.02.05;508;1012
1360;2313.03.05;484;1028
1361;2313.04.05;484;1028
1362;2313.05.05;484;1061
1363;2313.06.05;484;1039
1364;2313.07.05;524;1039
1365;2313.08.05;524;1039
1366;2313.09.05;524;1039
1367;2313.10.05;540;1040
1368;2313.11.05;540;1039
1369;2313.12.05;540;1039
1370;2314.01.05;540;1039
1371;2314.02.05;540;1039
1372;2314.03.05;540;1047
1373;2314.04.05;540;1047
1374;2314.05.05;580;1047
1375;2314.06.05;580;1047
1376;2314.07.05;580;1015
1377;2314.08.05;580;1015
1378;2314.09.05;580;1015
1379;2314.10.05;580;1015
1380;2314.11.05;580;1015
1381;2314.12.05;580;1015
1382;2315.01.05;580;1015
1383;2315.02.05;580;1015
1384;2315.03.05;620;1015
1385;2315.04.05;626;999
1386;2315.05.05;626;999
1387;2315.06.05;626;999
1388;2315.07.05;626;999
1389;2315.08.05;626;1005
1390;2315.09.05;626;1005
1391;2315.10.05;626;1005
1392;2315.11.05;626;1005
1393;2315.12.05;626;1021
1394;2316.01.05;666;1021
1395;2316.02.05;666;1027
1396;2316.03.05;666;1030
1397;2316.04.05;666;1030
1398;2316.05.05;638;1030
1399;2316.06.05;622;1030
1400;2316.07.05;622;1030
1401;2316.08.05;622;1030
1402;2316.09.05;622;1030
1403;2316.10.05;622;1030
1404;2316.11.05;662;1040
1405;2316.12.05;662;1040
1406;2317.01.05;662;1040
1407;2317.02.05;662;1057
1408;2317.03.05;662;1057
1409;2317.04.05;686;1057
1410;2317.05.05;686;1057
1411;2317.06.05;686;1057
1412;2317.07.05;686;1057
1413;2317.08.05;682;1057
1414;2317.09.05;722;1073
1415;2317.10.05;722;1073
1416;2317.11.05;722;1073
1417;2317.12.05;722;1073
1418;2318.01.05;714;1073
1419;2318.02.05;730;1073
1420;2318.03.05;730;1073
1421;2318.04.05;730;1073
1422;2318.05.05;730;1089
1423;2318.06.05;730;1089
1424;2318.07.05;746;1057
1425;2318.08.05;746;1073
1426;2318.09.05;738;1073
1427;2318.10.05;738;1073
1428;2318.11.05;738;1073
1429;2318.12.05;761;1073
1430;2319.01.05;761;1078
1431;2319.02.05;761;1081
1432;2319.03.05;761;1086
1433;2319.04.05;761;1086
1434;2319.05.05;761;1086
1435;2319.06.05;761;1086
1436;2319.07.05;801;1092
1437;2319.08.05;801;1092
1438;2319.09.05;801;1102
1439;2319.10.05;801;1111
1440;2319.11.05;801;1111
1441;2319.12.05;801;1111
1442;2320.01.05;801;1132
1443;2320.02.05;801;1132
1444;2320.03.05;801;1165
1445;2320.04.05;801;1173
1446;2320.05.05;841;1175
1447;2320.06.05;841;1177
1448;2320.07.05;841;1182
1449;2320.08.05;851;1182
1450;2320.09.05;851;1198
1451;2320.10.05;851;1198
1452;2320.11.05;851;1198
1453;2320.12.05;851;1198
1454;2321.01.05;851;1208
1455;2321.02.05;851;1208
1456;2321.03.05;891;1208
1457;2321.04.05;891;1208
1458;2321.05.05;863;1208
1459;2321.06.05;863;1208
1460;2321.07.05;863;1216
1461;2321.08.05;863;1216
1462;2321.09.05;863;1216
1463;2321.10.05;863;1216
1464;2321.11.05;863;1216
1465;2321.12.05;863;1224
1466;2322.01.05;871;1233
1467;2322.02.05;871;1233
1468;2322.03.05;871;1233
1469;2322.04.05;871;1233
1470;2322.05.05;871;1242
1471;2322.06.05;871;1242
1472;2322.07.05;871;1242
1473;2322.08.05;871;1242
1474;2322.09.05;871;1242
1475;2322.10.05;871;1242
1476;2322.11.05;871;1242
1477;2322.12.05;871;1250
1478;2323.01.05;871;1250
1479;2323.02.05;871;1250
1480;2323.03.05;871;1258
1481;2323.04.05;871;1258
1482;2323.05.05;871;1314
1483;2323.06.05;871;1314
1484;2323.07.05;871;1314
1485;2323.08.05;871;1328
1486;2323.09.05;871;1328
1487;2323.10.05;871;1333
1488;2323.11.05;871;1333
1489;2323.12.05;871;1339
1490;2324.01.05;871;1339
1491;2324.02.05;871;1344
1492;2324.03.05;871;1344
1493;2324.04.05;871;1344
1494;2324.05.05;871;1344
1495;2324.06.05;871;1344
1496;2324.07.05;871;1344
1497;2324.08.05;831;1344
1498;2324.09.05;831;1344
1499;2324.10.05;831;1344
1500;2324.11.05;831;1344
1501;2324.12.05;831;1344
1502;2325.01.05;831;1344
1503;2325.02.05;827;1393
1504;2325.03.05;827;1393
1505;2325.04.05;827;1409
1506;2325.05.05;827;1409
1507;2325.06.05;827;1409
1508;2325.07.05;827;1409
1509;2325.08.05;827;1409
1510;2325.09.05;827;1409
1511;2325.10.05;827;1409
1512;2325.11.05;827;1404
1513;2325.12.05;827;1404
1514;2326.01.05;827;1404
1515;2326.02.05;827;1404
1516;2326.03.05;827;1404
1517;2326.04.05;827;1404
1518;2326.05.05;827;1404
1519;2326.06.05;827;1404
1520;2326.07.05;827;1404
1521;2326.08.05;827;1404
1522;2326.09.05;827;1404
1523;2326.10.05;827;1404
1524;2326.11.05;827;1404
1525;2326.12.05;827;1412
1526;2327.01.05;827;1412
1527;2327.02.05;827;1436
1528;2327.03.05;827;1436
1529;2327.04.05;827;1436
1530;2327.05.05;827;1436
1531;2327.06.05;827;1436
1532;2327.07.05;827;1436
1533;2327.08.05;827;1436
1534;2327.09.05;827;1436
1535;2327.10.05;827;1436
1536;2327.11.05;827;1436
1537;2327.12.05;827;1436
1538;2328.01.05;827;1436
1539;2328.02.05;827;1436
1540;2328.03.05;827;1447
1541;2328.04.05;827;1447
1542;2328.05.05;775;1447
1543;2328.06.05;763;1447
1544;2328.07.05;767;1447
1545;2328.08.05;767;1447
1546;2328.09.05;767;1447
1547;2328.10.05;767;1447
1548;2328.11.05;767;1447
1549;2328.12.05;767;1447
1550;2329.01.05;765;1447
1551;2329.02.05;765;1447
1552;2329.03.05;765;1447
1553;2329.04.05;765;1447
1554;2329.05.05;765;1447
1555;2329.06.05;765;1447
1556;2329.07.05;765;1447
1557;2329.08.05;765;1447
1558;2329.09.05;765;1495
1559;2329.10.05;765;1495
1560;2329.11.05;765;1495
1561;2329.12.05;765;1495
1562;2330.01.05;765;1495
1563;2330.02.05;765;1495
1564;2330.03.05;765;1495
1565;2330.04.05;765;1495
1566;2330.05.05;765;1506
1567;2330.06.05;765;1474
1568;2330.07.05;765;1458
1569;2330.08.05;765;1458
1570;2330.09.05;749;1458
1571;2330.10.05;701;1458
1572;2330.11.05;629;1458
1573;2330.12.05;581;1458
1574;2331.01.05;581;1458
1575;2331.02.05;581;1458
1576;2331.03.05;581;1468
1577;2331.04.05;621;1468
1578;2331.05.05;621;1468
1579;2331.06.05;621;1468
1580;2331.07.05;621;1352
1581;2331.08.05;621;1352
1582;2331.09.05;621;1352
1583;2331.10.05;621;1352
1584;2331.11.05;621;1352
1585;2331.12.05;621;1352
1586;2332.01.05;621;1352
1587;2332.02.05;667;1352
1588;2332.03.05;667;1352
1589;2332.04.05;667;1352
1590;2332.05.05;667;1352
1591;2332.06.05;667;1352
1592;2332.07.05;667;1352
1593;2332.08.05;667;1352
1594;2332.09.05;667;1352
1595;2332.10.05;667;1352
1596;2332.11.05;667;1352
1597;2332.12.05;707;1352
1598;2333.01.05;707;1352
1599;2333.02.05;707;1331
1600;2333.03.05;707;1331
1601;2333.04.05;707;1331
1602;2333.05.05;707;1331
1603;2333.06.05;707;1331
1604;2333.07.05;707;1331
1605;2333.08.05;707;1347
1606;2333.09.05;707;1347
1607;2333.10.05;747;1347
1608;2333.11.05;747;1336
1609;2333.12.05;747;1336
1610;2334.01.05;747;1336
1611;2334.02.05;747;1336
1612;2334.03.05;747;1336
1613;2334.04.05;747;1336
1614;2334.05.05;747;1336
1615;2334.06.05;747;1336
1616;2334.07.05;747;1336
1617;2334.08.05;787;1352
1618;2334.09.05;787;1352
1619;2334.10.05;787;1352
1620;2334.11.05;787;1352
1621;2334.12.05;787;1352
1622;2335.01.05;787;1352
1623;2335.02.05;787;1352
1624;2335.03.05;787;1352
1625;2335.04.05;787;1352
1626;2335.05.05;787;1352
1627;2335.06.05;827;1352
1628;2335.07.05;827;1352
1629;2335.08.05;827;1352
1630;2335.09.05;827;1352
1631;2335.10.05;827;1352
1632;2335.11.05;827;1352
1633;2335.12.05;827;1352
1634;2336.01.05;827;1352
1635;2336.02.05;827;1352
1636;2336.03.05;827;1352
1637;2336.04.05;867;1352
1638;2336.05.05;867;1352
1639;2336.06.05;867;1352
1640;2336.07.05;867;1352
1641;2336.08.05;867;1352
1642;2336.09.05;867;1352
1643;2336.10.05;867;1352
1644;2336.11.05;867;1368
1645;2336.12.05;867;1368
1646;2337.01.05;867;1368
1647;2337.02.05;907;1368
1648;2337.03.05;907;1368
1649;2337.04.05;907;1368
1650;2337.05.05;907;1368
1651;2337.06.05;907;1368
1652;2337.07.05;907;1363
1653;2337.08.05;907;1363
1654;2337.09.05;907;1363
1655;2337.10.05;907;1363
1656;2337.11.05;907;1363
1657;2337.12.05;947;1363
1658;2338.01.05;947;1363
1659;2338.02.05;947;1363
1660;2338.03.05;947;1363
1661;2338.04.05;947;1363
1662;2338.05.05;947;1363
1663;2338.06.05;971;1363
1664;2338.07.05;971;1304
1665;2338.08.05;971;1304
1666;2338.09.05;971;1304
1667;2338.10.05;1011;1304
1668;2338.11.05;1011;1304
1669;2338.12.05;1011;1304
1670;2339.01.05;1011;1304
1671;2339.02.05;1011;1304
1672;2339.03.05;1011;1304
1673;2339.04.05;1035;1304
1674;2339.05.05;1035;1304
1675;2339.06.05;1035;1320
1676;2339.07.05;1035;1320
1677;2339.08.05;1075;1320
1678;2339.09.05;1075;1320
1679;2339.10.05;1075;1320
1680;2339.11.05;1075;1320
1681;2339.12.05;1075;1325
1682;2340.01.05;1075;1325
1683;2340.02.05;1099;1325
1684;2340.03.05;1099;1341
1685;2340.04.05;1099;1344
1686;2340.05.05;1099;1360
1687;2340.06.05;1139;1393
1688;2340.07.05;1139;1393
1689;2340.08.05;1139;1393
1690;2340.09.05;1139;1393
1691;2340.10.05;1139;1393
1692;2340.11.05;1139;1393
1693;2340.12.05;1163;1409
1694;2341.01.05;1163;1431
1695;2341.02.05;1169;1431
1696;2341.03.05;1169;1431
1697;2341.04.05;1209;1436
1698;2341.05.05;1209;1436
1699;2341.06.05;1209;1436
1700;2341.07.05;1209;1433
1701;2341.08.05;1209;1433
1702;2341.09.05;1233;1449
1703;2341.10.05;1233;1455
1704;2341.11.05;1233;1455
1705;2341.12.05;1233;1455
1706;2342.01.05;1273;1463
1707;2342.02.05;1273;1463
1708;2342.03.05;1273;1479
1709;2342.04.05;1273;1479
1710;2342.05.05;1297;1471
1711;2342.06.05;1297;1471
1712;2342.07.05;1297;1493
1713;2342.08.05;1297;1493
1714;2342.09.05;1337;1520
1715;2342.10.05;1337;1520
1716;2342.11.05;1337;1520
1717;2342.12.05;1337;1520
1718;2343.01.05;1337;1520
1719;2343.02.05;1361;1520
1720;2343.03.05;1361;1539
1721;2343.04.05;1361;1539
1722;2343.05.05;1401;1555
1723;2343.06.05;1401;1555
1724;2343.07.05;1401;1555
1725;2343.08.05;1401;1555
1726;2343.09.05;1401;1555
1727;2343.10.05;1409;1555
1728;2343.11.05;1409;1555
1729;2343.12.05;1409;1555
1730;2344.01.05;1409;1571
1731;2344.02.05;1449;1571
1732;2344.03.05;1449;1571
1733;2344.04.05;1449;1571
1734;2344.05.05;1449;1571
1735;2344.06.05;1449;1571
1736;2344.07.05;1449;1571
1737;2344.08.05;1449;1571
1738;2344.09.05;1449;1587
1739;2344.10.05;1449;1587
1740;2344.11.05;1449;1587
1741;2344.12.05;1449;1587
1742;2345.01.05;1449;1595
1743;2345.02.05;1473;1628
1744;2345.03.05;1473;1628
1745;2345.04.05;1513;1628
1746;2345.05.05;1513;1628
1747;2345.06.05;1513;1652
1748;2345.07.05;1513;1668
1749;2345.08.05;1513;1668
1750;2345.09.05;1537;1668
1751;2345.10.05;1537;1668
1752;2345.11.05;1537;1668
1753;2345.12.05;1577;1668
1754;2346.01.05;1541;1668
1755;2346.02.05;1541;1668
1756;2346.03.05;1538;1668
1757;2346.04.05;1538;1668
1758;2346.05.05;1562;1668
1759;2346.06.05;1562;1668
1760;2346.07.05;1602;1674
1761;2346.08.05;1602;1674
1762;2346.09.05;1602;1675
1763;2346.10.05;1602;1675
1764;2346.11.05;1602;1675
1765;2346.12.05;1626;1675
1766;2347.01.05;1626;1680
1767;2347.02.05;1626;1680
1768;2347.03.05;1626;1680
1769;2347.04.05;1626;1696
1770;2347.05.05;1650;1698
1771;2347.06.05;1650;1698
1772;2347.07.05;1650;1698
1773;2347.08.05;1674;1698
1774;2347.09.05;1674;1698
1775;2347.10.05;1674;1698
1776;2347.11.05;1714;1698
1777;2347.12.05;1738;1698
1778;2348.01.05;1738;1698
1779;2348.02.05;1746;1698
1780;2348.03.05;1770;1698
1781;2348.04.05;1754;1665
1782;2348.05.05;1754;1665
1783;2348.06.05;1754;1665
1784;2348.07.05;1789;1665
1785;2348.08.05;1813;1665
1786;2348.09.05;1821;1665
1787;2348.10.05;1821;1665
1788;2348.11.05;1821;1665
1789;2348.12.05;1821;1667
1790;2349.01.05;1821;1667
1791;2349.02.05;1861;1667
1792;2349.03.05;1883;1667
1793;2349.04.05;1923;1667
1794;2349.05.05;1939;1667
1795;2349.06.05;1939;1667
1796;2349.07.05;1939;1667
1797;2349.08.05;1939;1668
1798;2349.09.05;1939;1717
1799;2349.10.05;1979;1717
1800;2349.11.05;2035;1717
1801;2349.12.05;2051;1717
1802;2350.01.05;2059;1717
1803;2350.02.05;2042;1717
1804;2350.03.05;2042;1717
1805;2350.04.05;2042;1717
1806;2350.05.05;2082;1717
1807;2350.06.05;2106;1717
1808;2350.07.05;2146;1722
1809;2350.08.05;2171;1722
1810;2350.09.05;2171;1717
1811;2350.10.05;2171;1717
1812;2350.11.05;2171;1717
1813;2350.12.05;2171;1717
1814;2351.01.05;2171;1722
1815;2351.02.05;2195;1722
1816;2351.03.05;2243;1722
1817;2351.04.05;2271;1722
1818;2351.05.05;2276;1722
1819;2351.06.05;2320;1722
1820;2351.07.05;2326;1728
1821;2351.08.05;2329;1728
1822;2351.09.05;2355;1728
1823;2351.10.05;2396;1728
1824;2351.11.05;2420;1728
1825;2351.12.05;2420;1728
1826;2352.01.05;2428;1728
1827;2352.02.05;2428;1728
1828;2352.03.05;2428;1768
1829;2352.04.05;2428;1768
1830;2352.05.05;2460;1768
1831;2352.06.05;2508;1768
1832;2352.07.05;2524;1784
1833;2352.08.05;2540;1784
1834;2352.09.05;2540;1784
1835;2352.10.05;2540;1784
1836;2352.11.05;2540;1784
1837;2352.12.05;2556;1784
1838;2353.01.05;2564;1784
1839;2353.02.05;2580;1784
1840;2353.03.05;2580;1784
1841;2353.04.05;2580;1784
1842;2353.05.05;2580;1784
1843;2353.06.05;2580;1784
1844;2353.07.05;2580;1833
1845;2353.08.05;2580;1833
1846;2353.09.05;2588;1833
1847;2353.10.05;2596;1841
1848;2353.11.05;2596;1841
1849;2353.12.05;2596;1841
1850;2354.01.05;2596;1857
1851;2354.02.05;2610;1857
1852;2354.03.05;2610;1881
1853;2354.04.05;2610;1890
1854;2354.05.05;2626;1890
1855;2354.06.05;2626;1906
1856;2354.07.05;2626;1906
1857;2354.08.05;2626;1906
1858;2354.09.05;2626;1922
1859;2354.10.05;2626;1922
1860;2354.11.05;2626;1922
1861;2354.12.05;2634;1944
1862;2355.01.05;2642;1944
1863;2355.02.05;2642;1944
1864;2355.03.05;2642;1944
1865;2355.04.05;2642;1944
1866;2355.05.05;2642;1944
1867;2355.06.05;2642;1949
1868;2355.07.05;2640;1949
1869;2355.08.05;2656;1949
1870;2355.09.05;2656;1949
1871;2355.10.05;2656;1949
1872;2355.11.05;2656;1949
1873;2355.12.05;2656;1954
1874;2356.01.05;2656;1995
1875;2356.02.05;2656;1995
1876;2356.03.05;2656;1995
1877;2356.04.05;2672;1995
1878;2356.05.05;2672;1995
1879;2356.06.05;2672;2016
1880;2356.07.05;2668;2016
1881;2356.08.05;2668;2016
1882;2356.09.05;2668;2016
1883;2356.10.05;2668;2016
1884;2356.11.05;2676;2016
1885;2356.12.05;2676;2022
1886;2357.01.05;2676;2022
1887;2357.02.05;2676;2022
1888;2357.03.05;2654;2038
1889;2357.04.05;2654;2038
1890;2357.05.05;2654;2038
1891;2357.06.05;2654;2060
1892;2357.07.05;2662;2060
1893;2357.08.05;2662;2060
1894;2357.09.05;2662;2076
1895;2357.10.05;2662;2076
1896;2357.11.05;2662;2114
1897;2357.12.05;2646;2092
1898;2358.01.05;2646;2092
1899;2358.02.05;2654;2108
1900;2358.03.05;2654;2141
1901;2358.04.05;2654;2141
1902;2358.05.05;2654;2157
1903;2358.06.05;2654;2189
1904;2358.07.05;2654;2189
1905;2358.08.05;2654;2205
1906;2358.09.05;2654;2243
1907;2358.10.05;2654;2243
1908;2358.11.05;2654;2243
1909;2358.12.05;2654;2243
1910;2359.01.05;2654;2273
1911;2359.02.05;2654;2281
1912;2359.03.05;2654;2281
1913;2359.04.05;2654;2297
1914;2359.05.05;2654;2313
1915;2359.06.05;2654;2330
1916;2359.07.05;2654;2362
1917;2359.08.05;2654;2367
1918;2359.09.05;2654;2367
1919;2359.10.05;2654;2400
1920;2359.11.05;2654;2416
1921;2359.12.05;2654;2448
1922;2360.01.05;2654;2465
1923;2360.02.05;2654;2470
1924;2360.03.05;2654;2470
1925;2360.04.05;2654;2486
1926;2360.05.05;2654;2486
1927;2360.06.05;2654;2486
1928;2360.07.05;2654;2486
1929;2360.08.05;2654;2492
1930;2360.09.05;2654;2492
1931;2360.10.05;2654;2497
1932;2360.11.05;2654;2497
1933;2360.12.05;2654;2247
1934;2361.01.05;2654;2247
1935;2361.02.05;2654;2252
1936;2361.03.05;2654;2252
1937;2361.04.05;2654;2233
1938;2361.05.05;2654;2233
1939;2361.06.05;2662;2233
1940;2361.07.05;2702;2233
1941;2361.08.05;2702;2233
1942;2361.09.05;2702;2233
1943;2361.10.05;2702;2233
1944;2361.11.05;2702;2233
1945;2361.12.05;2702;2233
1946;2362.01.05;2702;2204
1947;2362.02.05;2710;2230
1948;2362.03.05;2750;2230
1949;2362.04.05;2750;2230
1950;2362.05.05;2750;2230
1951;2362.06.05;2750;2230
1952;2362.07.05;2750;2230
1953;2362.08.05;2750;2230
1954;2362.09.05;2758;2230
1955;2362.10.05;2798;2230
1956;2362.11.05;2798;2230
1957;2362.12.05;2798;2245
1958;2363.01.05;2798;2245
1959;2363.02.05;2838;2252
1960;2363.03.05;2838;2252
1961;2363.04.05;2838;2252
1962;2363.05.05;2846;2267
1963;2363.06.05;2886;2267
1964;2363.07.05;2886;2267
1965;2363.08.05;2886;2267
1966;2363.09.05;2926;2267
1967;2363.10.05;2926;2281
1968;2363.11.05;2926;2281
1969;2363.12.05;2934;2281
1970;2364.01.05;2966;2281
1971;2364.02.05;2966;2281
1972;2364.03.05;2966;2281
1973;2364.04.05;2966;2289
1974;2364.05.05;3006;2289
1975;2364.06.05;3006;2289
1976;2364.07.05;3006;2289
1977;2364.08.05;3054;2289
1978;2364.09.05;3054;2289
1979;2364.10.05;3054;2290
1980;2364.11.05;3054;2314
1981;2364.12.05;3094;2314
1982;2365.01.05;3094;2319
1983;2365.02.05;3094;2319
1984;2365.03.05;3094;2319
1985;2365.04.05;3142;2319
1986;2365.05.05;3142;2319
1987;2365.06.05;3142;2319
1988;2365.07.05;3142;2324
1989;2365.08.05;3182;2324
1990;2365.09.05;3182;2324
1991;2365.10.05;3166;2324
1992;2365.11.05;3182;2324
1993;2365.12.05;3169;2324
1994;2366.01.05;3169;2343
1995;2366.02.05;3169;2343
1996;2366.03.05;3185;2343
1997;2366.04.05;3201;2343
1998;2366.05.05;3201;2343
1999;2366.06.05;3201;2343
2000;2366.07.05;3225;2343
2001;2366.08.05;3225;2343
2002;2366.09.05;3225;2343
2003;2366.10.05;3233;2343
2004;2366.11.05;3265;2343
2005;2366.12.05;3265;2343
2006;2367.01.05;3265;2343
2007;2367.02.05;3265;2344
2008;2367.03.05;3265;2344
2009;2367.04.05;3289;2344
2010;2367.05.05;3297;2344
2011;2367.06.05;3297;2344
2012;2367.07.05;3329;2335
2013;2367.08.05;3329;2335
2014;2367.09.05;3329;2681
2015;2367.10.05;3329;2681
2016;2367.11.05;3329;2681
2017;2367.12.05;3348;2681
2018;2368.01.05;3356;2681
2019;2368.02.05;3388;2681
2020;2368.03.05;3388;2681
2021;2368.04.05;3388;2689
2022;2368.05.05;3388;2689
2023;2368.06.05;3388;2689
2024;2368.07.05;3412;2689
2025;2368.08.05;3391;2689
2026;2368.09.05;3391;2689
2027;2368.10.05;3423;2689
2028;2368.11.05;3423;2689
2029;2368.12.05;3423;2689
2030;2369.01.05;3423;2689
2031;2369.02.05;3423;2689
2032;2369.03.05;3447;2689
2033;2369.04.05;3455;2689
2034;2369.05.05;3487;2656
2035;2369.06.05;3487;2672
2036;2369.07.05;3487;2672
2037;2369.08.05;3487;2672
2038;2369.09.05;3487;2672
2039;2369.10.05;3511;2672
2040;2369.11.05;3511;2672
2041;2369.12.05;3519;2664
2042;2370.01.05;3591;2664
2043;2370.02.05;3591;2681
2044;2370.03.05;3591;2681
2045;2370.04.05;3591;2681
2046;2370.05.05;3591;2714
2047;2370.06.05;3615;2714
2048;2370.07.05;3623;2714
2049;2370.08.05;3671;2731
2050;2370.09.05;3695;2731
2051;2370.10.05;3695;2748
2052;2370.11.05;3695;2748
2053;2370.12.05;3695;2748
2054;2371.01.05;3695;2748
2055;2371.02.05;3719;2748
2056;2371.03.05;3727;2748
2057;2371.04.05;3799;2748
2058;2371.05.05;3799;2748
2059;2371.06.05;3799;2750
2060;2371.07.05;3799;2460
2061;2371.08.05;3799;2460
2062;2371.09.05;3823;2460
2063;2371.10.05;3831;2460
2064;2371.11.05;3863;2475
2065;2371.12.05;3903;2475
2066;2372.01.05;3903;2475
2067;2372.02.05;3903;2475
2068;2372.03.05;3903;2475
2069;2372.04.05;3903;2475
2070;2372.05.05;3927;2475
2071;2372.06.05;3879;2475
2072;2372.07.05;3831;2475
2073;2372.08.05;3831;2475
2074;2372.09.05;3831;2475
2075;2372.10.05;3831;2475
2076;2372.11.05;3831;2475
2077;2372.12.05;3855;2475
2078;2373.01.05;3863;2475
2079;2373.02.05;3879;2475
2080;2373.03.05;3919;2475
2081;2373.04.05;3919;2475
2082;2373.05.05;3919;2475
2083;2373.06.05;3919;2475
2084;2373.07.05;3935;2475
2085;2373.08.05;3959;2475
2086;2373.09.05;3967;2489
2087;2373.10.05;4023;2489
2088;2373.11.05;4023;2519
2089;2373.12.05;4023;2579
2090;2374.01.05;4023;2608
2091;2374.02.05;4039;2623
2092;2374.03.05;4063;2653
2093;2374.04.05;4079;2653
2094;2374.05.05;4095;2668
2095;2374.06.05;4135;2668
2096;2374.07.05;4135;2683
2097;2374.08.05;4135;2698
2098;2374.09.05;4135;2728
2099;2374.10.05;4151;2728
2100;2374.11.05;4167;2728
2101;2374.12.05;4223;2742
2102;2375.01.05;4223;2757
2103;2375.02.05;4263;2757
2104;2375.03.05;4263;2757
2105;2375.04.05;4279;2772
2106;2375.05.05;4287;2772
2107;2375.06.05;4295;2772
2108;2375.07.05;4335;2772
2109;2375.08.05;4375;2787
2110;2375.09.05;4375;2787
2111;2375.10.05;4375;2847
2112;2375.11.05;4375;2849
2113;2375.12.05;4383;2849
2114;2376.01.05;4415;2849
2115;2376.02.05;4415;2901
2116;2376.03.05;4415;2909
2117;2376.04.05;4415;2909
2118;2376.05.05;4415;2953
2119;2376.06.05;4423;2953
2120;2376.07.05;4423;2968
2121;2376.08.05;4423;2968
2122;2376.09.05;4423;2998
2123;2376.10.05;4423;2998
2124;2376.11.05;4423;2998
2125;2376.12.05;4423;3013
2126;2377.01.05;4431;3013
2127;2377.02.05;4431;3020
2128;2377.03.05;4431;3020
2129;2377.04.05;4431;3052
2130;2377.05.05;4431;3052
2131;2377.06.05;4431;3052
2132;2377.07.05;4439;3052
2133;2377.08.05;4439;3052
2134;2377.09.05;4439;3052
2135;2377.10.05;4439;3052
2136;2377.11.05;4439;3052
2137;2377.12.05;4439;3052
2138;2378.01.05;4439;3052
2139;2378.02.05;4447;3052
2140;2378.03.05;4447;3052
2141;2378.04.05;4447;3052
2142;2378.05.05;4447;3052
2143;2378.06.05;4447;3052
2144;2378.07.05;4447;3052
2145;2378.08.05;4455;3052
2146;2378.09.05;4455;3052
2147;2378.10.05;4455;3060
2148;2378.11.05;4455;3060
2149;2378.12.05;4455;3060
2150;2379.01.05;4503;3060
2151;2379.02.05;4503;3067
2152;2379.03.05;4503;3112
2153;2379.04.05;4503;3705
2154;2379.05.05;4503;3707
2155;2379.06.05;4503;3718
2156;2379.07.05;4551;3718
2157;2379.08.05;4551;3726
2158;2379.09.05;4551;3726
2159;2379.10.05;4551;3726
2160;2379.11.05;4551;3726
2161;2379.12.05;4551;3571
2162;2380.01.05;4599;3571
2163;2380.02.05;4599;3589
2164;2380.03.05;4599;3593
2165;2380.04.05;4599;3593
2166;2380.05.05;4599;3594
2167;2380.06.05;4639;3597
2168;2380.07.05;4675;3603
2169;2380.08.05;4675;3520
2170;2380.09.05;4675;3521
2171;2380.10.05;4675;3524
2172;2380.11.05;4675;3524
2173;2380.12.05;4723;3531
2174;2381.01.05;4723;3486
2175;2381.02.05;4723;3491
2176;2381.03.05;4723;3491
2177;2381.04.05;4723;3491
2178;2381.05.05;4723;3491
2179;2381.06.05;4771;3491
2180;2381.07.05;4771;3491
2181;2381.08.05;4771;3491
2182;2381.09.05;4771;3494
2183;2381.10.05;4771;3495
2184;2381.11.05;4811;3496
2185;2381.12.05;4819;3498
2186;2382.01.05;4819;3500
2187;2382.02.05;4819;3500
2188;2382.03.05;4819;3500
2189;2382.04.05;4819;3506
2190;2382.05.05;4931;3506
2191;2382.06.05;4931;3506
2192;2382.07.05;4931;3506
2193;2382.08.05;4931;3506
2194;2382.09.05;4931;3506
2195;2382.10.05;4931;3506
2196;2382.11.05;4979;3506
2197;2382.12.05;4979;3506
2198;2383.01.05;4979;3506
2199;2383.02.05;4979;3506
2200;2383.03.05;4979;3516
2201;2383.04.05;4979;3516
2202;2383.05.05;5027;3516
2203;2383.06.05;5027;3521
2204;2383.07.05;5027;3521
2205;2383.08.05;5027;3521
2206;2383.09.05;5027;3531
2207;2383.10.05;5067;3531
2208;2383.11.05;5267;3531
2209;2383.12.05;5267;3536
2210;2384.01.05;5267;3536
